{"index": {"/usr/lib/python2.7/UserDict.py": 1395532510.0, "/usr/local/lib/python2.7/dist-packages/Django-1.8.2-py2.7.egg/django/db/models/fields/__init__.py": 1434094230.9578664, "/usr/local/lib/python2.7/dist-packages/Django-1.8.2-py2.7.egg/django/db/models/fields/related.py": 1434094230.9578664, "/usr/local/lib/python2.7/dist-packages/django/db/models/fields/__init__.py": 1419658470.132923, "/root/unitest.py": 1432819405.826166, "_sre": 1422594192.356859, "/usr/lib/python2.7/threading.py": 1395532510.0, "/usr/lib/python2.7/pickle.py": 1395532510.0, "/usr/lib/python2.7/sre_constants.py": 1395532510.0, "__builtin__": 1420454813.759098, "/usr/lib/python2.7/urlparse.py": 1395532510.0, "/usr/lib/python2.7/urllib.py": 1395532510.0, "/usr/lib/python2.7/genericpath.py": 1395532510.0, "/usr/lib/python2.7/unittest/__init__.py": 1395532514.0, "gc": 1431780196.17027, "/usr/lib/python2.7/zipfile.py": 1395532510.0, "/usr/lib/python2.7/random.py": 1395532510.0, "/var/www/html/dummy/db_connect.py": 1436443746.0012877, "array": 1424754239.56794, "/usr/lib/python2.7/copy_reg.py": 1395532510.0, "/usr/local/lib/python2.7/dist-packages/django/db/models/base.py": 1419658470.132923, "/usr/lib/python2.7/re.py": 1395532510.0, "/usr/local/lib/python2.7/dist-packages/django/db/models/lookups.py": 1419658470.132923, "/usr/lib/python2.7/urllib2.py": 1395532510.0, "/usr/local/lib/python2.7/dist-packages/django/contrib/admin/sites.py": 1419658469.5649228, "/usr/lib/python2.7/ConfigParser.py": 1395532510.0, "/usr/local/lib/python2.7/dist-packages/Django-1.8.2-py2.7.egg/django/utils/six.py": 1434094231.6458664, "/var/www/html/dummy/mysql.py": 1435567056.8817856, "/usr/lib/python2.7/types.py": 1395532510.0, "/usr/lib/python2.7/dist-packages/MySQLdb/__init__.py": 1276759316.0, "/usr/lib/python2.7/copy.py": 1395532510.0, "_random": 1423127878.525349, "/usr/lib/python2.7/dist-packages/_mysql.so": 1391089853.0, "/usr/lib/python2.7/os.py": 1395532510.0, "/usr/lib/python2.7/posixpath.py": 1395532510.0, "/usr/local/lib/python2.7/dist-packages/django/db/models/fields/related.py": 1419658470.1369228, "/usr/lib/python2.7/logging/__init__.py": 1395532513.0, "/usr/lib/python2.7/_abcoll.py": 1395532510.0, "/usr/lib/python2.7/collections.py": 1395532510.0, "/usr/local/lib/python2.7/dist-packages/Django-1.8.2-py2.7.egg/django/contrib/admin/sites.py": 1434094230.8658664, "/usr/lib/python2.7/traceback.py": 1395532510.0, "/usr/lib/python2.7/unittest/main.py": 1395532514.0, "/usr/local/lib/python2.7/dist-packages/django/conf/urls/__init__.py": 1419658469.5649228, "/var/www/html/video1/joins/models.py": 1434347853.7937868, "/usr/lib/python2.7/hashlib.py": 1395532510.0, "sys": 1420530254.908778, "/usr/lib/python2.7/cgi.py": 1395532538.0, "/usr/lib/python2.7/sre_compile.py": 1395532510.0, "/usr/lib/python2.7/os2emxpath.py": 1395532510.0, "/usr/local/lib/python2.7/dist-packages/django/db/models/aggregates.py": 1419658470.132923, "/usr/local/lib/python2.7/dist-packages/Django-1.8.2-py2.7.egg/django/contrib/admin/__init__.py": 1434094230.8658664, "/usr/local/lib/python2.7/dist-packages/django/shortcuts.py": 1419658469.520923, "/usr/lib/python2.7/commands.py": 1395532510.0, "/usr/local/lib/python2.7/dist-packages/django/db/models/__init__.py": 1419658470.132923, "/usr/local/lib/python2.7/dist-packages/Django-1.8.2-py2.7.egg/django/db/models/base.py": 1434094230.9538665, "/usr/local/lib/python2.7/dist-packages/Django-1.8.2-py2.7.egg/django/db/models/aggregates.py": 1434094230.9538665, "/usr/lib/python2.7/dist-packages/MySQLdb/connections.py": 1276759316.0, "posix": 1420462113.738575, "/usr/local/lib/python2.7/dist-packages/Django-1.8.2-py2.7.egg/django/db/models/__init__.py": 1434094230.9498663, "time": 1422594190.054924, "/usr/lib/python2.7/lib-dynload/datetime.x86_64-linux-gnu.so": 1395532627.0, "/usr/local/lib/python2.7/dist-packages/django/contrib/admin/__init__.py": 1419658469.5649228, "/usr/lib/python2.7/ntpath.py": 1395532510.0, "/usr/lib/python2.7/unittest/case.py": 1395532514.0, "/usr/local/lib/python2.7/dist-packages/django/utils/six.py": 1419658470.148923, "/usr/lib/python2.7/cgitb.py": 1395532510.0}, "version": 3}